horizon,mse,rmse,mae,max_err
3,8.69231761e-05,9.32325995e-03,8.41871522e-03,1.27299099e-02
10,2.05995808e-02,1.43525541e-01,8.05989401e-02,3.94422594e-01
20,1.60002122e-01,4.00002653e-01,2.27216160e-01,1.23179922e+00
