n,x_attendu,x_predit,erreur_abs,erreur_rel_pct
470,-1.0800991,-1.0770191,-0.0030799095,0.2852
471,-0.27482466,-0.26537833,-0.0094463262,3.4372
472,0.57023025,0.58296016,-0.01272991,2.2324
